Title,Price,Date
Got Data Shirt Got Data T Shirt Data Analyst Shirt Funny T-Shirt,14.99,2025-09-25
Got Data Shirt Got Data T Shirt Data Analyst Shirt Funny T-Shirt,14.99,2025-09-25
Got Data Shirt Got Data T Shirt Data Analyst Shirt Funny T-Shirt,14.99,2025-09-25
Got Data Shirt Got Data T Shirt Data Analyst Shirt Funny T-Shirt,14.99,2025-09-25
Got Data Shirt Got Data T Shirt Data Analyst Shirt Funny T-Shirt,14.99,2025-09-25
Got Data Shirt Got Data T Shirt Data Analyst Shirt Funny T-Shirt,14.99,2025-09-25
Got Data Shirt Got Data T Shirt Data Analyst Shirt Funny T-Shirt,14.99,2025-09-25
Got Data Shirt Got Data T Shirt Data Analyst Shirt Funny T-Shirt,14.99,2025-09-25
Got Data Shirt Got Data T Shirt Data Analyst Shirt Funny T-Shirt,14.99,2025-09-25
Got Data Shirt Got Data T Shirt Data Analyst Shirt Funny T-Shirt,14.99,2025-09-25
Got Data Shirt Got Data T Shirt Data Analyst Shirt Funny T-Shirt,14.99,2025-09-25
Got Data Shirt Got Data T Shirt Data Analyst Shirt Funny T-Shirt,14.99,2025-09-25
Got Data Shirt Got Data T Shirt Data Analyst Shirt Funny T-Shirt,14.99,2025-09-25
Got Data Shirt Got Data T Shirt Data Analyst Shirt Funny T-Shirt,14.99,2025-09-25
Got Data Shirt Got Data T Shirt Data Analyst Shirt Funny T-Shirt,14.99,2025-09-25
Got Data Shirt Got Data T Shirt Data Analyst Shirt Funny T-Shirt,14.99,2025-09-25
Got Data Shirt Got Data T Shirt Data Analyst Shirt Funny T-Shirt,14.99,2025-09-25
